"","data"
"1","#BabaRamRahim"
"2","#KabirSingh"
"3","#TuesdayThoughts"
"4","#Emergency"
"5","#TuesdayMotivation"
"6","#TuesdayMorning"
"7","#NoMoreSufferings"
"8","#ENGvAUS"
"9","#TransformingUrbanLandscape"
"10","#MindBoosterQuotes"
"11","#AUSvENG"
"12","#Kapildev"
"13","#1YearOfKAAPPAANproject"
"14","#RaatchasiFromJuly5th"
"15","#NBAAwards"
"16","#<U+0906><U+092A><U+093E><U+0924><U+0915><U+093E><U+0932>"
"17","#michaeljackson"
"18","#KalkiHonestTrailer"
"19","#Sachin"
"20","#RamRahim"
"21","#10YearsWithoutMichaelJackson"
"22","#KarismaKapoor"
"23","#NuclearEnergy"
"24","#jyotika"
"25","#WorldVitiligoDay"
"26","#ThangaTamilselvan"
"27","#KingOfPop"
"28","#JusticeForTabrezAnsari"
"29","#BhujThePrideOfIndia"
"30","#blackmoney"
"31","#Undertaker"
"32","#TheTashkentFiles"
"33","#WomensHockey"
"34","#rupee"
"35","#BabaRamRahim"
"36","#KabirSingh"
"37","#TuesdayThoughts"
"38","#Emergency"
"39","#TuesdayMotivation"
"40","#TuesdayMorning"
"41","#NoMoreSufferings"
"42","#ENGvAUS"
"43","#TransformingUrbanLandscape"
"44","#MindBoosterQuotes"
"45","#AUSvENG"
"46","#Kapildev"
"47","#1YearOfKAAPPAANproject"
"48","#RaatchasiFromJuly5th"
"49","#NBAAwards"
"50","#<U+0906><U+092A><U+093E><U+0924><U+0915><U+093E><U+0932>"
"51","#michaeljackson"
"52","#KalkiHonestTrailer"
"53","#Sachin"
"54","#RamRahim"
"55","#10YearsWithoutMichaelJackson"
"56","#KarismaKapoor"
"57","#NuclearEnergy"
"58","#jyotika"
"59","#WorldVitiligoDay"
"60","#ThangaTamilselvan"
"61","#KingOfPop"
"62","#JusticeForTabrezAnsari"
"63","#BhujThePrideOfIndia"
"64","#blackmoney"
"65","#Undertaker"
"66","#TheTashkentFiles"
"67","#WomensHockey"
"68","#rupee"
"69","#BabaRamRahim"
"70","#KabirSingh"
"71","#TuesdayThoughts"
"72","#Emergency"
"73","#TuesdayMotivation"
"74","#TuesdayMorning"
"75","#NoMoreSufferings"
"76","#ENGvAUS"
"77","#TransformingUrbanLandscape"
"78","#MindBoosterQuotes"
"79","#AUSvENG"
"80","#Kapildev"
"81","#1YearOfKAAPPAANproject"
"82","#RaatchasiFromJuly5th"
"83","#NBAAwards"
"84","#<U+0906><U+092A><U+093E><U+0924><U+0915><U+093E><U+0932>"
"85","#michaeljackson"
"86","#KalkiHonestTrailer"
"87","#Sachin"
"88","#RamRahim"
"89","#10YearsWithoutMichaelJackson"
"90","#KarismaKapoor"
"91","#NuclearEnergy"
"92","#jyotika"
"93","#WorldVitiligoDay"
"94","#ThangaTamilselvan"
"95","#KingOfPop"
"96","#JusticeForTabrezAnsari"
"97","#BhujThePrideOfIndia"
"98","#blackmoney"
"99","#Undertaker"
"100","#TheTashkentFiles"
"101","#WomensHockey"
"102","#rupee"
"103","#BabaRamRahim"
"104","#KabirSingh"
"105","#TuesdayThoughts"
"106","#Emergency"
"107","#TuesdayMotivation"
"108","#TuesdayMorning"
"109","#NoMoreSufferings"
"110","#ENGvAUS"
"111","#TransformingUrbanLandscape"
"112","#MindBoosterQuotes"
"113","#AUSvENG"
"114","#Kapildev"
"115","#1YearOfKAAPPAANproject"
"116","#RaatchasiFromJuly5th"
"117","#NBAAwards"
"118","#<U+0906><U+092A><U+093E><U+0924><U+0915><U+093E><U+0932>"
"119","#michaeljackson"
"120","#KalkiHonestTrailer"
"121","#Sachin"
"122","#RamRahim"
"123","#10YearsWithoutMichaelJackson"
"124","#KarismaKapoor"
"125","#NuclearEnergy"
"126","#jyotika"
"127","#WorldVitiligoDay"
"128","#ThangaTamilselvan"
"129","#KingOfPop"
"130","#JusticeForTabrezAnsari"
"131","#BhujThePrideOfIndia"
"132","#blackmoney"
"133","#Undertaker"
"134","#TheTashkentFiles"
"135","#WomensHockey"
"136","#rupee"
"137","#BabaRamRahim"
"138","#KabirSingh"
"139","#TuesdayThoughts"
"140","#Emergency"
"141","#TuesdayMotivation"
"142","#TuesdayMorning"
"143","#NoMoreSufferings"
"144","#ENGvAUS"
"145","#TransformingUrbanLandscape"
"146","#MindBoosterQuotes"
"147","#AUSvENG"
"148","#Kapildev"
"149","#1YearOfKAAPPAANproject"
"150","#RaatchasiFromJuly5th"
"151","#NBAAwards"
"152","#<U+0906><U+092A><U+093E><U+0924><U+0915><U+093E><U+0932>"
"153","#michaeljackson"
"154","#KalkiHonestTrailer"
"155","#Sachin"
"156","#RamRahim"
"157","#10YearsWithoutMichaelJackson"
"158","#KarismaKapoor"
"159","#NuclearEnergy"
"160","#jyotika"
"161","#WorldVitiligoDay"
"162","#ThangaTamilselvan"
"163","#KingOfPop"
"164","#JusticeForTabrezAnsari"
"165","#BhujThePrideOfIndia"
"166","#blackmoney"
"167","#Undertaker"
"168","#TheTashkentFiles"
"169","#WomensHockey"
"170","#rupee"
"171","#BabaRamRahim"
"172","#KabirSingh"
"173","#TuesdayThoughts"
"174","#Emergency"
"175","#TuesdayMotivation"
"176","#TuesdayMorning"
"177","#NoMoreSufferings"
"178","#ENGvAUS"
"179","#TransformingUrbanLandscape"
"180","#MindBoosterQuotes"
"181","#AUSvENG"
"182","#Kapildev"
"183","#1YearOfKAAPPAANproject"
"184","#RaatchasiFromJuly5th"
"185","#NBAAwards"
"186","#<U+0906><U+092A><U+093E><U+0924><U+0915><U+093E><U+0932>"
"187","#michaeljackson"
"188","#KalkiHonestTrailer"
"189","#Sachin"
"190","#RamRahim"
"191","#10YearsWithoutMichaelJackson"
"192","#KarismaKapoor"
"193","#NuclearEnergy"
"194","#jyotika"
"195","#WorldVitiligoDay"
"196","#ThangaTamilselvan"
"197","#KingOfPop"
"198","#JusticeForTabrezAnsari"
"199","#BhujThePrideOfIndia"
"200","#blackmoney"
"201","#Undertaker"
"202","#TheTashkentFiles"
"203","#WomensHockey"
"204","#rupee"
"205","#BabaRamRahim"
"206","#KabirSingh"
"207","#TuesdayThoughts"
"208","#Emergency"
"209","#TuesdayMotivation"
"210","#TuesdayMorning"
"211","#NoMoreSufferings"
"212","#ENGvAUS"
"213","#TransformingUrbanLandscape"
"214","#MindBoosterQuotes"
"215","#AUSvENG"
"216","#Kapildev"
"217","#1YearOfKAAPPAANproject"
"218","#RaatchasiFromJuly5th"
"219","#NBAAwards"
"220","#<U+0906><U+092A><U+093E><U+0924><U+0915><U+093E><U+0932>"
"221","#michaeljackson"
"222","#KalkiHonestTrailer"
"223","#Sachin"
"224","#RamRahim"
"225","#10YearsWithoutMichaelJackson"
"226","#KarismaKapoor"
"227","#NuclearEnergy"
"228","#jyotika"
"229","#WorldVitiligoDay"
"230","#ThangaTamilselvan"
"231","#KingOfPop"
"232","#JusticeForTabrezAnsari"
"233","#BhujThePrideOfIndia"
"234","#blackmoney"
"235","#Undertaker"
"236","#TheTashkentFiles"
"237","#WomensHockey"
"238","#rupee"
"239","#BabaRamRahim"
"240","#KabirSingh"
"241","#TuesdayThoughts"
"242","#Emergency"
"243","#TuesdayMotivation"
"244","#TuesdayMorning"
"245","#NoMoreSufferings"
"246","#ENGvAUS"
"247","#TransformingUrbanLandscape"
"248","#MindBoosterQuotes"
"249","#AUSvENG"
"250","#Kapildev"
"251","#1YearOfKAAPPAANproject"
"252","#RaatchasiFromJuly5th"
"253","#NBAAwards"
"254","#<U+0906><U+092A><U+093E><U+0924><U+0915><U+093E><U+0932>"
"255","#michaeljackson"
"256","#KalkiHonestTrailer"
"257","#Sachin"
"258","#RamRahim"
"259","#10YearsWithoutMichaelJackson"
"260","#KarismaKapoor"
"261","#NuclearEnergy"
"262","#jyotika"
"263","#WorldVitiligoDay"
"264","#ThangaTamilselvan"
"265","#KingOfPop"
"266","#JusticeForTabrezAnsari"
"267","#BhujThePrideOfIndia"
"268","#blackmoney"
"269","#Undertaker"
"270","#TheTashkentFiles"
"271","#WomensHockey"
"272","#rupee"
"273","#BabaRamRahim"
"274","#KabirSingh"
"275","#TuesdayThoughts"
"276","#Emergency"
"277","#TuesdayMotivation"
"278","#TuesdayMorning"
"279","#NoMoreSufferings"
"280","#ENGvAUS"
"281","#TransformingUrbanLandscape"
"282","#MindBoosterQuotes"
"283","#AUSvENG"
"284","#Kapildev"
"285","#1YearOfKAAPPAANproject"
"286","#RaatchasiFromJuly5th"
"287","#NBAAwards"
"288","#<U+0906><U+092A><U+093E><U+0924><U+0915><U+093E><U+0932>"
"289","#michaeljackson"
"290","#KalkiHonestTrailer"
"291","#Sachin"
"292","#RamRahim"
"293","#10YearsWithoutMichaelJackson"
"294","#KarismaKapoor"
"295","#NuclearEnergy"
"296","#jyotika"
"297","#WorldVitiligoDay"
"298","#ThangaTamilselvan"
"299","#KingOfPop"
"300","#JusticeForTabrezAnsari"
"301","#BhujThePrideOfIndia"
"302","#blackmoney"
"303","#Undertaker"
"304","#TheTashkentFiles"
"305","#WomensHockey"
"306","#rupee"
